{
  "variants": {
		"axis=x":	[
					{ "model": "minecraft:block/birch_wood/block/0", "weight":100, "x": 90, "y": 90 },
					{ "model": "minecraft:block/birch_wood/block/1", "weight":10,  "x": 90, "y": 90 },
					{ "model": "minecraft:block/birch_wood/block/2", "weight":100, "x": 90, "y": 90 },
					{ "model": "minecraft:block/birch_wood/block/3", "weight":100, "x": 90, "y": 90 },
					{ "model": "minecraft:block/birch_wood/block/4", "weight":100, "x": 90, "y": 90 },
					{ "model": "minecraft:block/birch_wood/block/5", "weight":10,  "x": 90, "y": 90 }
	],
		"axis=y":	[
					{ "model": "minecraft:block/birch_wood/block/0", "weight":100 },
					{ "model": "minecraft:block/birch_wood/block/1", "weight":10  },
					{ "model": "minecraft:block/birch_wood/block/2", "weight":100 },
					{ "model": "minecraft:block/birch_wood/block/3", "weight":100 },
					{ "model": "minecraft:block/birch_wood/block/4", "weight":100 },
					{ "model": "minecraft:block/birch_wood/block/5", "weight":10  }
	],
		"axis=z": 	[
					{ "model": "minecraft:block/birch_wood/block/0", "weight":100, "x": 90 },
					{ "model": "minecraft:block/birch_wood/block/1", "weight":10,  "x": 90 },
					{ "model": "minecraft:block/birch_wood/block/2", "weight":100, "x": 90 },
					{ "model": "minecraft:block/birch_wood/block/3", "weight":100, "x": 90 },
					{ "model": "minecraft:block/birch_wood/block/4", "weight":100, "x": 90 },
					{ "model": "minecraft:block/birch_wood/block/5", "weight":10,  "x": 90 }
	]
  }
}