{
  "variants": {
    "type=bottom": [
      { "model": "block/crimson_slab" },
      { "model": "block/crimson_slab_01" },
      { "model": "block/crimson_slab_02" },
      { "model": "block/crimson_slab_03" },
      { "model": "block/crimson_slab_04" }
    ],
    "type=top": [
      { "model": "block/crimson_slab_top" },
      { "model": "block/crimson_slab_top_01" },
      { "model": "block/crimson_slab_top_02" },
      { "model": "block/crimson_slab_top_03" },
      { "model": "block/crimson_slab_top_04" }
    ],
    "type=double": [
      { "model": "block/crimson_planks" },
      { "model": "block/crimson_planks_01" },
      { "model": "block/crimson_planks_02" },
      { "model": "block/crimson_planks_03" },
      { "model": "block/crimson_planks_04" }
    ]
  }
}