{
  "variants": {
    "type=bottom": [
      { "model": "block/oak_slab" },
      { "model": "block/oak_slab_01" },
      { "model": "block/oak_slab_02" },
      { "model": "block/oak_slab_03" },
      { "model": "block/oak_slab_04" }
    ],
    "type=top": [
      { "model": "block/oak_slab_top" },
      { "model": "block/oak_slab_top_01" },
      { "model": "block/oak_slab_top_02" },
      { "model": "block/oak_slab_top_03" },
      { "model": "block/oak_slab_top_04" }
    ],
    "type=double": [
      { "model": "block/oak_planks" },
      { "model": "block/oak_planks_01" },
      { "model": "block/oak_planks_02" },
      { "model": "block/oak_planks_03" },
      { "model": "block/oak_planks_04" }
    ]
  }
}