{
  "variants": {
    "type=bottom": [
      { "model": "block/warped_slab" },
      { "model": "block/warped_slab_01" },
      { "model": "block/warped_slab_02" },
      { "model": "block/warped_slab_03" },
      { "model": "block/warped_slab_04" }
    ],
    "type=top": [
      { "model": "block/warped_slab_top" },
      { "model": "block/warped_slab_top_01" },
      { "model": "block/warped_slab_top_02" },
      { "model": "block/warped_slab_top_03" },
      { "model": "block/warped_slab_top_04" }
    ],
    "type=double": [
      { "model": "block/warped_planks" },
      { "model": "block/warped_planks_01" },
      { "model": "block/warped_planks_02" },
      { "model": "block/warped_planks_03" },
      { "model": "block/warped_planks_04" }
    ]
  }
}