{
  "variants": {
    "type=bottom": [
      { "model": "block/birch_slab" },
      { "model": "block/birch_slab_01" },
      { "model": "block/birch_slab_02" },
      { "model": "block/birch_slab_03" },
      { "model": "block/birch_slab_04" }
    ],
    "type=top": [
      { "model": "block/birch_slab_top" },
      { "model": "block/birch_slab_top_01" },
      { "model": "block/birch_slab_top_02" },
      { "model": "block/birch_slab_top_03" },
      { "model": "block/birch_slab_top_04" }
    ],
    "type=double": [
      { "model": "block/birch_planks" },
      { "model": "block/birch_planks_01" },
      { "model": "block/birch_planks_02" },
      { "model": "block/birch_planks_03" },
      { "model": "block/birch_planks_04" }
    ]
  }
}