{
  "variants": {
    
	"facing=east,half=bottom,shape=straight": [
	  {"model":"block/brick_stairs"},
	  {"model":"block/variated/brick_stairs/brick_stairs_01"},
	  {"model":"block/variated/brick_stairs/brick_stairs_02"},
	  {"model":"block/variated/brick_stairs/brick_stairs_03"},
	  {"model":"block/variated/brick_stairs/brick_stairs_04"},
	  {"model":"block/variated/brick_stairs/brick_stairs_05"},
	  {"model":"block/variated/brick_stairs/brick_stairs_06"},
	  {"model":"block/variated/brick_stairs/brick_stairs_07"} ],
	
	"facing=west,half=bottom,shape=straight": [
	  {"model":"block/brick_stairs","y":180,"uvlock":true},
	  {"model":"block/variated/brick_stairs/brick_stairs_01","y":180,"uvlock":true},
	  {"model":"block/variated/brick_stairs/brick_stairs_02","y":180,"uvlock":true},
	  {"model":"block/variated/brick_stairs/brick_stairs_03","y":180,"uvlock":true},
	  {"model":"block/variated/brick_stairs/brick_stairs_04","y":180,"uvlock":true},
	  {"model":"block/variated/brick_stairs/brick_stairs_05","y":180,"uvlock":true},
	  {"model":"block/variated/brick_stairs/brick_stairs_06","y":180,"uvlock":true},
	  {"model":"block/variated/brick_stairs/brick_stairs_07","y":180,"uvlock":true} ],
	
	"facing=south,half=bottom,shape=straight":[ 
	  {"model":"block/brick_stairs","y":90,"uvlock":true},
	  {"model":"block/variated/brick_stairs/brick_stairs_01","y":90,"uvlock":true},
	  {"model":"block/variated/brick_stairs/brick_stairs_02","y":90,"uvlock":true},
	  {"model":"block/variated/brick_stairs/brick_stairs_03","y":90,"uvlock":true},
	  {"model":"block/variated/brick_stairs/brick_stairs_04","y":90,"uvlock":true},
	  {"model":"block/variated/brick_stairs/brick_stairs_05","y":90,"uvlock":true},
	  {"model":"block/variated/brick_stairs/brick_stairs_06","y":90,"uvlock":true},
	  {"model":"block/variated/brick_stairs/brick_stairs_07","y":90,"uvlock":true} ],
	
	"facing=north,half=bottom,shape=straight":[ 
	  {"model":"block/brick_stairs","y":270,"uvlock":true},
	  {"model":"block/variated/brick_stairs/brick_stairs_01","y":270,"uvlock":true},
	  {"model":"block/variated/brick_stairs/brick_stairs_02","y":270,"uvlock":true},
	  {"model":"block/variated/brick_stairs/brick_stairs_03","y":270,"uvlock":true},
	  {"model":"block/variated/brick_stairs/brick_stairs_04","y":270,"uvlock":true},
	  {"model":"block/variated/brick_stairs/brick_stairs_05","y":270,"uvlock":true},
	  {"model":"block/variated/brick_stairs/brick_stairs_06","y":270,"uvlock":true},
	  {"model":"block/variated/brick_stairs/brick_stairs_07","y":270,"uvlock":true} ],
	
	"facing=east,half=bottom,shape=outer_right":[ 
	  {"model":"block/brick_stairs_outer"},
	  {"model":"block/variated/brick_stairs_outer/brick_stairs_outer_01"},
	  {"model":"block/variated/brick_stairs_outer/brick_stairs_outer_02"},
	  {"model":"block/variated/brick_stairs_outer/brick_stairs_outer_03"},
	  {"model":"block/variated/brick_stairs_outer/brick_stairs_outer_04"},
	  {"model":"block/variated/brick_stairs_outer/brick_stairs_outer_05"},
	  {"model":"block/variated/brick_stairs_outer/brick_stairs_outer_06"},
	  {"model":"block/variated/brick_stairs_outer/brick_stairs_outer_07"} ],
	
	"facing=west,half=bottom,shape=outer_right": [ 
	  {"model":"block/brick_stairs_outer","y":180,"uvlock":true},
	  {"model":"block/variated/brick_stairs_outer/brick_stairs_outer_01","y":180,"uvlock":true},
	  {"model":"block/variated/brick_stairs_outer/brick_stairs_outer_02","y":180,"uvlock":true},
	  {"model":"block/variated/brick_stairs_outer/brick_stairs_outer_03","y":180,"uvlock":true},
	  {"model":"block/variated/brick_stairs_outer/brick_stairs_outer_04","y":180,"uvlock":true},
	  {"model":"block/variated/brick_stairs_outer/brick_stairs_outer_05","y":180,"uvlock":true},
	  {"model":"block/variated/brick_stairs_outer/brick_stairs_outer_06","y":180,"uvlock":true},
	  {"model":"block/variated/brick_stairs_outer/brick_stairs_outer_07","y":180,"uvlock":true} ],
	
	"facing=south,half=bottom,shape=outer_right": [
	  {"model":"block/brick_stairs_outer","y":90,"uvlock":true},
	  {"model":"block/variated/brick_stairs_outer/brick_stairs_outer_01","y":90,"uvlock":true},
	  {"model":"block/variated/brick_stairs_outer/brick_stairs_outer_02","y":90,"uvlock":true},
	  {"model":"block/variated/brick_stairs_outer/brick_stairs_outer_03","y":90,"uvlock":true},
	  {"model":"block/variated/brick_stairs_outer/brick_stairs_outer_04","y":90,"uvlock":true},
	  {"model":"block/variated/brick_stairs_outer/brick_stairs_outer_05","y":90,"uvlock":true},
	  {"model":"block/variated/brick_stairs_outer/brick_stairs_outer_06","y":90,"uvlock":true},
	  {"model":"block/variated/brick_stairs_outer/brick_stairs_outer_07","y":90,"uvlock":true} ],
	
	"facing=north,half=bottom,shape=outer_right": [
	  {"model":"block/brick_stairs_outer","y":270,"uvlock":true},
	  {"model":"block/variated/brick_stairs_outer/brick_stairs_outer_01","y":270,"uvlock":true},
	  {"model":"block/variated/brick_stairs_outer/brick_stairs_outer_02","y":270,"uvlock":true},
	  {"model":"block/variated/brick_stairs_outer/brick_stairs_outer_03","y":270,"uvlock":true},
	  {"model":"block/variated/brick_stairs_outer/brick_stairs_outer_04","y":270,"uvlock":true},
	  {"model":"block/variated/brick_stairs_outer/brick_stairs_outer_05","y":270,"uvlock":true},
	  {"model":"block/variated/brick_stairs_outer/brick_stairs_outer_06","y":270,"uvlock":true},
	  {"model":"block/variated/brick_stairs_outer/brick_stairs_outer_07","y":270,"uvlock":true} ],
	
	"facing=east,half=bottom,shape=outer_left": [
	  {"model":"block/brick_stairs_outer","y":270,"uvlock":true},
	  {"model":"block/variated/brick_stairs_outer/brick_stairs_outer_01","y":270,"uvlock":true},
	  {"model":"block/variated/brick_stairs_outer/brick_stairs_outer_02","y":270,"uvlock":true},
	  {"model":"block/variated/brick_stairs_outer/brick_stairs_outer_03","y":270,"uvlock":true},
	  {"model":"block/variated/brick_stairs_outer/brick_stairs_outer_04","y":270,"uvlock":true},
	  {"model":"block/variated/brick_stairs_outer/brick_stairs_outer_05","y":270,"uvlock":true},
	  {"model":"block/variated/brick_stairs_outer/brick_stairs_outer_06","y":270,"uvlock":true},
	  {"model":"block/variated/brick_stairs_outer/brick_stairs_outer_07","y":270,"uvlock":true} ],
	
	"facing=west,half=bottom,shape=outer_left": [
	  {"model":"block/brick_stairs_outer","y":90,"uvlock":true},
	  {"model":"block/variated/brick_stairs_outer/brick_stairs_outer_01","y":90,"uvlock":true},
	  {"model":"block/variated/brick_stairs_outer/brick_stairs_outer_02","y":90,"uvlock":true},
	  {"model":"block/variated/brick_stairs_outer/brick_stairs_outer_03","y":90,"uvlock":true},
	  {"model":"block/variated/brick_stairs_outer/brick_stairs_outer_04","y":90,"uvlock":true},
	  {"model":"block/variated/brick_stairs_outer/brick_stairs_outer_05","y":90,"uvlock":true},
	  {"model":"block/variated/brick_stairs_outer/brick_stairs_outer_06","y":90,"uvlock":true},
	  {"model":"block/variated/brick_stairs_outer/brick_stairs_outer_07","y":90,"uvlock":true} ],
	
	"facing=south,half=bottom,shape=outer_left": [
	  {"model":"block/brick_stairs_outer"},
	  {"model":"block/variated/brick_stairs_outer/brick_stairs_outer_01"},
	  {"model":"block/variated/brick_stairs_outer/brick_stairs_outer_02"},
	  {"model":"block/variated/brick_stairs_outer/brick_stairs_outer_03"},
	  {"model":"block/variated/brick_stairs_outer/brick_stairs_outer_04"},
	  {"model":"block/variated/brick_stairs_outer/brick_stairs_outer_05"},
	  {"model":"block/variated/brick_stairs_outer/brick_stairs_outer_06"},
	  {"model":"block/variated/brick_stairs_outer/brick_stairs_outer_07"} ],
	
	"facing=north,half=bottom,shape=outer_left": [
	  {"model":"block/brick_stairs_outer","y":180,"uvlock":true},
	  {"model":"block/variated/brick_stairs_outer/brick_stairs_outer_01","y":180,"uvlock":true},
	  {"model":"block/variated/brick_stairs_outer/brick_stairs_outer_02","y":180,"uvlock":true},
	  {"model":"block/variated/brick_stairs_outer/brick_stairs_outer_03","y":180,"uvlock":true},
	  {"model":"block/variated/brick_stairs_outer/brick_stairs_outer_04","y":180,"uvlock":true},
	  {"model":"block/variated/brick_stairs_outer/brick_stairs_outer_05","y":180,"uvlock":true},
	  {"model":"block/variated/brick_stairs_outer/brick_stairs_outer_06","y":180,"uvlock":true},
	  {"model":"block/variated/brick_stairs_outer/brick_stairs_outer_07","y":180,"uvlock":true} ],
	
	"facing=east,half=bottom,shape=inner_right": [
	  {"model":"block/brick_stairs_inner"},
	  {"model":"block/variated/brick_stairs_inner/brick_stairs_inner_01"},
	  {"model":"block/variated/brick_stairs_inner/brick_stairs_inner_02"},
	  {"model":"block/variated/brick_stairs_inner/brick_stairs_inner_03"},
	  {"model":"block/variated/brick_stairs_inner/brick_stairs_inner_04"},
	  {"model":"block/variated/brick_stairs_inner/brick_stairs_inner_05"},
	  {"model":"block/variated/brick_stairs_inner/brick_stairs_inner_06"},
	  {"model":"block/variated/brick_stairs_inner/brick_stairs_inner_07"} ],
	
	"facing=west,half=bottom,shape=inner_right": [
	  {"model":"block/brick_stairs_inner","y":180,"uvlock":true},
	  {"model":"block/variated/brick_stairs_inner/brick_stairs_inner_01","y":180,"uvlock":true},
	  {"model":"block/variated/brick_stairs_inner/brick_stairs_inner_02","y":180,"uvlock":true},
	  {"model":"block/variated/brick_stairs_inner/brick_stairs_inner_03","y":180,"uvlock":true},
	  {"model":"block/variated/brick_stairs_inner/brick_stairs_inner_04","y":180,"uvlock":true},
	  {"model":"block/variated/brick_stairs_inner/brick_stairs_inner_05","y":180,"uvlock":true},
	  {"model":"block/variated/brick_stairs_inner/brick_stairs_inner_06","y":180,"uvlock":true},
	  {"model":"block/variated/brick_stairs_inner/brick_stairs_inner_07","y":180,"uvlock":true} ],
	
	"facing=south,half=bottom,shape=inner_right": [
	  {"model":"block/brick_stairs_inner","y":90,"uvlock":true},
	  {"model":"block/variated/brick_stairs_inner/brick_stairs_inner_01","y":90,"uvlock":true},
	  {"model":"block/variated/brick_stairs_inner/brick_stairs_inner_02","y":90,"uvlock":true},
	  {"model":"block/variated/brick_stairs_inner/brick_stairs_inner_03","y":90,"uvlock":true},
	  {"model":"block/variated/brick_stairs_inner/brick_stairs_inner_04","y":90,"uvlock":true},
	  {"model":"block/variated/brick_stairs_inner/brick_stairs_inner_05","y":90,"uvlock":true},
	  {"model":"block/variated/brick_stairs_inner/brick_stairs_inner_06","y":90,"uvlock":true},
	  {"model":"block/variated/brick_stairs_inner/brick_stairs_inner_07","y":90,"uvlock":true} ],
	
	"facing=north,half=bottom,shape=inner_right": [
	  {"model":"block/brick_stairs_inner","y":270,"uvlock":true},
	  {"model":"block/variated/brick_stairs_inner/brick_stairs_inner_01","y":270,"uvlock":true},
	  {"model":"block/variated/brick_stairs_inner/brick_stairs_inner_02","y":270,"uvlock":true},
	  {"model":"block/variated/brick_stairs_inner/brick_stairs_inner_03","y":270,"uvlock":true},
	  {"model":"block/variated/brick_stairs_inner/brick_stairs_inner_04","y":270,"uvlock":true},
	  {"model":"block/variated/brick_stairs_inner/brick_stairs_inner_05","y":270,"uvlock":true},
	  {"model":"block/variated/brick_stairs_inner/brick_stairs_inner_06","y":270,"uvlock":true},
	  {"model":"block/variated/brick_stairs_inner/brick_stairs_inner_07","y":270,"uvlock":true} ],
	
	"facing=east,half=bottom,shape=inner_left": [
	  {"model":"block/brick_stairs_inner","y":270,"uvlock":true},
	  {"model":"block/variated/brick_stairs_inner/brick_stairs_inner_01","y":270,"uvlock":true},
	  {"model":"block/variated/brick_stairs_inner/brick_stairs_inner_02","y":270,"uvlock":true},
	  {"model":"block/variated/brick_stairs_inner/brick_stairs_inner_03","y":270,"uvlock":true},
	  {"model":"block/variated/brick_stairs_inner/brick_stairs_inner_04","y":270,"uvlock":true},
	  {"model":"block/variated/brick_stairs_inner/brick_stairs_inner_05","y":270,"uvlock":true},
	  {"model":"block/variated/brick_stairs_inner/brick_stairs_inner_06","y":270,"uvlock":true},
	  {"model":"block/variated/brick_stairs_inner/brick_stairs_inner_07","y":270,"uvlock":true} ],
	
	"facing=west,half=bottom,shape=inner_left": [
	  {"model":"block/brick_stairs_inner","y":90,"uvlock":true},
	  {"model":"block/variated/brick_stairs_inner/brick_stairs_inner_01","y":90,"uvlock":true},
	  {"model":"block/variated/brick_stairs_inner/brick_stairs_inner_02","y":90,"uvlock":true},
	  {"model":"block/variated/brick_stairs_inner/brick_stairs_inner_03","y":90,"uvlock":true},
	  {"model":"block/variated/brick_stairs_inner/brick_stairs_inner_04","y":90,"uvlock":true},
	  {"model":"block/variated/brick_stairs_inner/brick_stairs_inner_05","y":90,"uvlock":true},
	  {"model":"block/variated/brick_stairs_inner/brick_stairs_inner_06","y":90,"uvlock":true},
	  {"model":"block/variated/brick_stairs_inner/brick_stairs_inner_07","y":90,"uvlock":true} ],
	
	"facing=south,half=bottom,shape=inner_left": [
	  {"model":"block/brick_stairs_inner"},
	  {"model":"block/variated/brick_stairs_inner/brick_stairs_inner_01"},
	  {"model":"block/variated/brick_stairs_inner/brick_stairs_inner_02"},
	  {"model":"block/variated/brick_stairs_inner/brick_stairs_inner_03"},
	  {"model":"block/variated/brick_stairs_inner/brick_stairs_inner_04"},
	  {"model":"block/variated/brick_stairs_inner/brick_stairs_inner_05"},
	  {"model":"block/variated/brick_stairs_inner/brick_stairs_inner_06"},
	  {"model":"block/variated/brick_stairs_inner/brick_stairs_inner_07"} ],
	
	"facing=north,half=bottom,shape=inner_left": [
	  {"model":"block/brick_stairs_inner","y":180,"uvlock":true},
	  {"model":"block/variated/brick_stairs_inner/brick_stairs_inner_01","y":180,"uvlock":true},
	  {"model":"block/variated/brick_stairs_inner/brick_stairs_inner_02","y":180,"uvlock":true},
	  {"model":"block/variated/brick_stairs_inner/brick_stairs_inner_03","y":180,"uvlock":true},
	  {"model":"block/variated/brick_stairs_inner/brick_stairs_inner_04","y":180,"uvlock":true},
	  {"model":"block/variated/brick_stairs_inner/brick_stairs_inner_05","y":180,"uvlock":true},
	  {"model":"block/variated/brick_stairs_inner/brick_stairs_inner_06","y":180,"uvlock":true},
	  {"model":"block/variated/brick_stairs_inner/brick_stairs_inner_07","y":180,"uvlock":true} ],
	
	"facing=east,half=top,shape=straight": [
	  {"model":"block/brick_stairs","x":180,"uvlock":true},
	  {"model":"block/variated/brick_stairs/brick_stairs_01","x":180,"uvlock":true},
	  {"model":"block/variated/brick_stairs/brick_stairs_02","x":180,"uvlock":true},
	  {"model":"block/variated/brick_stairs/brick_stairs_03","x":180,"uvlock":true},
	  {"model":"block/variated/brick_stairs/brick_stairs_04","x":180,"uvlock":true},
	  {"model":"block/variated/brick_stairs/brick_stairs_05","x":180,"uvlock":true},
	  {"model":"block/variated/brick_stairs/brick_stairs_06","x":180,"uvlock":true},
	  {"model":"block/variated/brick_stairs/brick_stairs_07","x":180,"uvlock":true} ],
	
	"facing=west,half=top,shape=straight": [
	  {"model":"block/brick_stairs","y":180,"uvlock":true,"x":180},
	  {"model":"block/variated/brick_stairs/brick_stairs_01","y":180,"uvlock":true,"x":180},
	  {"model":"block/variated/brick_stairs/brick_stairs_02","y":180,"uvlock":true,"x":180},
	  {"model":"block/variated/brick_stairs/brick_stairs_03","y":180,"uvlock":true,"x":180},
	  {"model":"block/variated/brick_stairs/brick_stairs_04","y":180,"uvlock":true,"x":180},
	  {"model":"block/variated/brick_stairs/brick_stairs_05","y":180,"uvlock":true,"x":180},
	  {"model":"block/variated/brick_stairs/brick_stairs_06","y":180,"uvlock":true,"x":180},
	  {"model":"block/variated/brick_stairs/brick_stairs_07","y":180,"uvlock":true,"x":180} ],
	
	"facing=south,half=top,shape=straight": [
	  {"model":"block/brick_stairs","y":90,"uvlock":true,"x":180},
	  {"model":"block/variated/brick_stairs/brick_stairs_01","y":90,"uvlock":true,"x":180},
	  {"model":"block/variated/brick_stairs/brick_stairs_02","y":90,"uvlock":true,"x":180},
	  {"model":"block/variated/brick_stairs/brick_stairs_03","y":90,"uvlock":true,"x":180},
	  {"model":"block/variated/brick_stairs/brick_stairs_04","y":90,"uvlock":true,"x":180},
	  {"model":"block/variated/brick_stairs/brick_stairs_05","y":90,"uvlock":true,"x":180},
	  {"model":"block/variated/brick_stairs/brick_stairs_06","y":90,"uvlock":true,"x":180},
	  {"model":"block/variated/brick_stairs/brick_stairs_07","y":90,"uvlock":true,"x":180} ],
	
	"facing=north,half=top,shape=straight": [
	  {"model":"block/brick_stairs","y":270,"uvlock":true,"x":180},
	  {"model":"block/variated/brick_stairs/brick_stairs_01","y":270,"uvlock":true,"x":180},
	  {"model":"block/variated/brick_stairs/brick_stairs_02","y":270,"uvlock":true,"x":180},
	  {"model":"block/variated/brick_stairs/brick_stairs_03","y":270,"uvlock":true,"x":180},
	  {"model":"block/variated/brick_stairs/brick_stairs_04","y":270,"uvlock":true,"x":180},
	  {"model":"block/variated/brick_stairs/brick_stairs_05","y":270,"uvlock":true,"x":180},
	  {"model":"block/variated/brick_stairs/brick_stairs_06","y":270,"uvlock":true,"x":180},
	  {"model":"block/variated/brick_stairs/brick_stairs_07","y":270,"uvlock":true,"x":180} ],
	
	"facing=east,half=top,shape=outer_right": [
	  {"model":"block/brick_stairs_outer","y":90,"uvlock":true,"x":180},
	  {"model":"block/variated/brick_stairs_outer/brick_stairs_outer_01","y":90,"uvlock":true,"x":180},
	  {"model":"block/variated/brick_stairs_outer/brick_stairs_outer_02","y":90,"uvlock":true,"x":180},
	  {"model":"block/variated/brick_stairs_outer/brick_stairs_outer_03","y":90,"uvlock":true,"x":180},
	  {"model":"block/variated/brick_stairs_outer/brick_stairs_outer_04","y":90,"uvlock":true,"x":180},
	  {"model":"block/variated/brick_stairs_outer/brick_stairs_outer_05","y":90,"uvlock":true,"x":180},
	  {"model":"block/variated/brick_stairs_outer/brick_stairs_outer_06","y":90,"uvlock":true,"x":180},
	  {"model":"block/variated/brick_stairs_outer/brick_stairs_outer_07","y":90,"uvlock":true,"x":180} ],
	
	"facing=west,half=top,shape=outer_right": [
	  {"model":"block/brick_stairs_outer","y":270,"uvlock":true,"x":180},
	  {"model":"block/variated/brick_stairs_outer/brick_stairs_outer_01","y":270,"uvlock":true,"x":180},
	  {"model":"block/variated/brick_stairs_outer/brick_stairs_outer_02","y":270,"uvlock":true,"x":180},
	  {"model":"block/variated/brick_stairs_outer/brick_stairs_outer_03","y":270,"uvlock":true,"x":180},
	  {"model":"block/variated/brick_stairs_outer/brick_stairs_outer_04","y":270,"uvlock":true,"x":180},
	  {"model":"block/variated/brick_stairs_outer/brick_stairs_outer_05","y":270,"uvlock":true,"x":180},
	  {"model":"block/variated/brick_stairs_outer/brick_stairs_outer_06","y":270,"uvlock":true,"x":180},
	  {"model":"block/variated/brick_stairs_outer/brick_stairs_outer_07","y":270,"uvlock":true,"x":180} ],
	
	"facing=south,half=top,shape=outer_right": [
	  {"model":"block/brick_stairs_outer","y":180,"uvlock":true,"x":180},
	  {"model":"block/variated/brick_stairs_outer/brick_stairs_outer_01","y":180,"uvlock":true,"x":180},
	  {"model":"block/variated/brick_stairs_outer/brick_stairs_outer_02","y":180,"uvlock":true,"x":180},
	  {"model":"block/variated/brick_stairs_outer/brick_stairs_outer_03","y":180,"uvlock":true,"x":180},
	  {"model":"block/variated/brick_stairs_outer/brick_stairs_outer_04","y":180,"uvlock":true,"x":180},
	  {"model":"block/variated/brick_stairs_outer/brick_stairs_outer_05","y":180,"uvlock":true,"x":180},
	  {"model":"block/variated/brick_stairs_outer/brick_stairs_outer_06","y":180,"uvlock":true,"x":180},
	  {"model":"block/variated/brick_stairs_outer/brick_stairs_outer_07","y":180,"uvlock":true,"x":180} ],
	
	"facing=north,half=top,shape=outer_right": [
	  {"model":"block/brick_stairs_outer","x":180,"uvlock":true},
	  {"model":"block/variated/brick_stairs_outer/brick_stairs_outer_01","x":180,"uvlock":true},
	  {"model":"block/variated/brick_stairs_outer/brick_stairs_outer_02","x":180,"uvlock":true},
	  {"model":"block/variated/brick_stairs_outer/brick_stairs_outer_03","x":180,"uvlock":true},
	  {"model":"block/variated/brick_stairs_outer/brick_stairs_outer_04","x":180,"uvlock":true},
	  {"model":"block/variated/brick_stairs_outer/brick_stairs_outer_05","x":180,"uvlock":true},
	  {"model":"block/variated/brick_stairs_outer/brick_stairs_outer_06","x":180,"uvlock":true},
	  {"model":"block/variated/brick_stairs_outer/brick_stairs_outer_07","x":180,"uvlock":true} ],
	
	"facing=east,half=top,shape=outer_left": [
	  {"model":"block/brick_stairs_outer","x":180,"uvlock":true},
	  {"model":"block/variated/brick_stairs_outer/brick_stairs_outer_01","x":180,"uvlock":true},
	  {"model":"block/variated/brick_stairs_outer/brick_stairs_outer_02","x":180,"uvlock":true},
	  {"model":"block/variated/brick_stairs_outer/brick_stairs_outer_03","x":180,"uvlock":true},
	  {"model":"block/variated/brick_stairs_outer/brick_stairs_outer_04","x":180,"uvlock":true},
	  {"model":"block/variated/brick_stairs_outer/brick_stairs_outer_05","x":180,"uvlock":true},
	  {"model":"block/variated/brick_stairs_outer/brick_stairs_outer_06","x":180,"uvlock":true},
	  {"model":"block/variated/brick_stairs_outer/brick_stairs_outer_07","x":180,"uvlock":true} ],
	
	"facing=west,half=top,shape=outer_left": [
	  {"model":"block/brick_stairs_outer","y":180,"uvlock":true,"x":180},
	  {"model":"block/variated/brick_stairs_outer/brick_stairs_outer_01","y":180,"uvlock":true,"x":180},
	  {"model":"block/variated/brick_stairs_outer/brick_stairs_outer_02","y":180,"uvlock":true,"x":180},
	  {"model":"block/variated/brick_stairs_outer/brick_stairs_outer_03","y":180,"uvlock":true,"x":180},
	  {"model":"block/variated/brick_stairs_outer/brick_stairs_outer_04","y":180,"uvlock":true,"x":180},
	  {"model":"block/variated/brick_stairs_outer/brick_stairs_outer_05","y":180,"uvlock":true,"x":180},
	  {"model":"block/variated/brick_stairs_outer/brick_stairs_outer_06","y":180,"uvlock":true,"x":180},
	  {"model":"block/variated/brick_stairs_outer/brick_stairs_outer_07","y":180,"uvlock":true,"x":180} ],
	
	"facing=south,half=top,shape=outer_left": [
	  {"model":"block/brick_stairs_outer","y":90,"uvlock":true,"x":180},
	  {"model":"block/variated/brick_stairs_outer/brick_stairs_outer_01","y":90,"uvlock":true,"x":180},
	  {"model":"block/variated/brick_stairs_outer/brick_stairs_outer_02","y":90,"uvlock":true,"x":180},
	  {"model":"block/variated/brick_stairs_outer/brick_stairs_outer_03","y":90,"uvlock":true,"x":180},
	  {"model":"block/variated/brick_stairs_outer/brick_stairs_outer_04","y":90,"uvlock":true,"x":180},
	  {"model":"block/variated/brick_stairs_outer/brick_stairs_outer_05","y":90,"uvlock":true,"x":180},
	  {"model":"block/variated/brick_stairs_outer/brick_stairs_outer_06","y":90,"uvlock":true,"x":180},
	  {"model":"block/variated/brick_stairs_outer/brick_stairs_outer_07","y":90,"uvlock":true,"x":180} ],
	
	"facing=north,half=top,shape=outer_left": [
	  {"model":"block/brick_stairs_outer","y":270,"uvlock":true,"x":180},
	  {"model":"block/variated/brick_stairs_outer/brick_stairs_outer_01","y":270,"uvlock":true,"x":180},
	  {"model":"block/variated/brick_stairs_outer/brick_stairs_outer_02","y":270,"uvlock":true,"x":180},
	  {"model":"block/variated/brick_stairs_outer/brick_stairs_outer_03","y":270,"uvlock":true,"x":180},
	  {"model":"block/variated/brick_stairs_outer/brick_stairs_outer_04","y":270,"uvlock":true,"x":180},
	  {"model":"block/variated/brick_stairs_outer/brick_stairs_outer_05","y":270,"uvlock":true,"x":180},
	  {"model":"block/variated/brick_stairs_outer/brick_stairs_outer_06","y":270,"uvlock":true,"x":180},
	  {"model":"block/variated/brick_stairs_outer/brick_stairs_outer_07","y":270,"uvlock":true,"x":180} ],
	
	"facing=east,half=top,shape=inner_right": [
	  {"model":"block/brick_stairs_inner","y":90,"uvlock":true,"x":180},
	  {"model":"block/variated/brick_stairs_inner/brick_stairs_inner_01","y":90,"uvlock":true,"x":180},
	  {"model":"block/variated/brick_stairs_inner/brick_stairs_inner_02","y":90,"uvlock":true,"x":180},
	  {"model":"block/variated/brick_stairs_inner/brick_stairs_inner_03","y":90,"uvlock":true,"x":180},
	  {"model":"block/variated/brick_stairs_inner/brick_stairs_inner_04","y":90,"uvlock":true,"x":180},
	  {"model":"block/variated/brick_stairs_inner/brick_stairs_inner_05","y":90,"uvlock":true,"x":180},
	  {"model":"block/variated/brick_stairs_inner/brick_stairs_inner_06","y":90,"uvlock":true,"x":180},
	  {"model":"block/variated/brick_stairs_inner/brick_stairs_inner_07","y":90,"uvlock":true,"x":180} ],
	
	"facing=west,half=top,shape=inner_right": [
	  {"model":"block/brick_stairs_inner","y":270,"uvlock":true,"x":180},
	  {"model":"block/variated/brick_stairs_inner/brick_stairs_inner_01","y":270,"uvlock":true,"x":180},
	  {"model":"block/variated/brick_stairs_inner/brick_stairs_inner_02","y":270,"uvlock":true,"x":180},
	  {"model":"block/variated/brick_stairs_inner/brick_stairs_inner_03","y":270,"uvlock":true,"x":180},
	  {"model":"block/variated/brick_stairs_inner/brick_stairs_inner_04","y":270,"uvlock":true,"x":180},
	  {"model":"block/variated/brick_stairs_inner/brick_stairs_inner_05","y":270,"uvlock":true,"x":180},
	  {"model":"block/variated/brick_stairs_inner/brick_stairs_inner_06","y":270,"uvlock":true,"x":180},
	  {"model":"block/variated/brick_stairs_inner/brick_stairs_inner_07","y":270,"uvlock":true,"x":180} ],
	  
	"facing=south,half=top,shape=inner_right": [
	  {"model":"block/brick_stairs_inner","y":180,"uvlock":true,"x":180},
	  {"model":"block/variated/brick_stairs_inner/brick_stairs_inner_01","y":180,"uvlock":true,"x":180},
	  {"model":"block/variated/brick_stairs_inner/brick_stairs_inner_02","y":180,"uvlock":true,"x":180},
	  {"model":"block/variated/brick_stairs_inner/brick_stairs_inner_03","y":180,"uvlock":true,"x":180},
	  {"model":"block/variated/brick_stairs_inner/brick_stairs_inner_04","y":180,"uvlock":true,"x":180},
	  {"model":"block/variated/brick_stairs_inner/brick_stairs_inner_05","y":180,"uvlock":true,"x":180},
	  {"model":"block/variated/brick_stairs_inner/brick_stairs_inner_06","y":180,"uvlock":true,"x":180},
	  {"model":"block/variated/brick_stairs_inner/brick_stairs_inner_07","y":180,"uvlock":true,"x":180} ],
	  
	"facing=north,half=top,shape=inner_right": [ 
	  {"model":"block/brick_stairs_inner","x":180,"uvlock":true},
	  {"model":"block/variated/brick_stairs_inner/brick_stairs_inner_01","x":180,"uvlock":true},
	  {"model":"block/variated/brick_stairs_inner/brick_stairs_inner_02","x":180,"uvlock":true},
	  {"model":"block/variated/brick_stairs_inner/brick_stairs_inner_03","x":180,"uvlock":true},
	  {"model":"block/variated/brick_stairs_inner/brick_stairs_inner_04","x":180,"uvlock":true},
	  {"model":"block/variated/brick_stairs_inner/brick_stairs_inner_05","x":180,"uvlock":true},
	  {"model":"block/variated/brick_stairs_inner/brick_stairs_inner_06","x":180,"uvlock":true},
	  {"model":"block/variated/brick_stairs_inner/brick_stairs_inner_07","x":180,"uvlock":true} ],
	  
	"facing=east,half=top,shape=inner_left": [
	  {"model":"block/brick_stairs_inner","x":180,"uvlock":true},
	  {"model":"block/variated/brick_stairs_inner/brick_stairs_inner_01","x":180,"uvlock":true},
	  {"model":"block/variated/brick_stairs_inner/brick_stairs_inner_02","x":180,"uvlock":true},
	  {"model":"block/variated/brick_stairs_inner/brick_stairs_inner_03","x":180,"uvlock":true},
	  {"model":"block/variated/brick_stairs_inner/brick_stairs_inner_04","x":180,"uvlock":true},
	  {"model":"block/variated/brick_stairs_inner/brick_stairs_inner_05","x":180,"uvlock":true},
	  {"model":"block/variated/brick_stairs_inner/brick_stairs_inner_06","x":180,"uvlock":true},
	  {"model":"block/variated/brick_stairs_inner/brick_stairs_inner_07","x":180,"uvlock":true} ],
	  
	"facing=west,half=top,shape=inner_left": [
	  {"model":"block/brick_stairs_inner","y":180,"uvlock":true,"x":180},
	  {"model":"block/variated/brick_stairs_inner/brick_stairs_inner_01","y":180,"uvlock":true,"x":180},
	  {"model":"block/variated/brick_stairs_inner/brick_stairs_inner_02","y":180,"uvlock":true,"x":180},
	  {"model":"block/variated/brick_stairs_inner/brick_stairs_inner_03","y":180,"uvlock":true,"x":180},
	  {"model":"block/variated/brick_stairs_inner/brick_stairs_inner_04","y":180,"uvlock":true,"x":180},
	  {"model":"block/variated/brick_stairs_inner/brick_stairs_inner_05","y":180,"uvlock":true,"x":180},
	  {"model":"block/variated/brick_stairs_inner/brick_stairs_inner_06","y":180,"uvlock":true,"x":180},
	  {"model":"block/variated/brick_stairs_inner/brick_stairs_inner_07","y":180,"uvlock":true,"x":180} ],
	  
	"facing=south,half=top,shape=inner_left": [
	  {"model":"block/brick_stairs_inner","y":90,"uvlock":true,"x":180},
	  {"model":"block/variated/brick_stairs_inner/brick_stairs_inner_01","y":90,"uvlock":true,"x":180},
	  {"model":"block/variated/brick_stairs_inner/brick_stairs_inner_02","y":90,"uvlock":true,"x":180},
	  {"model":"block/variated/brick_stairs_inner/brick_stairs_inner_03","y":90,"uvlock":true,"x":180},
	  {"model":"block/variated/brick_stairs_inner/brick_stairs_inner_04","y":90,"uvlock":true,"x":180},
	  {"model":"block/variated/brick_stairs_inner/brick_stairs_inner_05","y":90,"uvlock":true,"x":180},
	  {"model":"block/variated/brick_stairs_inner/brick_stairs_inner_06","y":90,"uvlock":true,"x":180},
	  {"model":"block/variated/brick_stairs_inner/brick_stairs_inner_07","y":90,"uvlock":true,"x":180} ],
	  
	"facing=north,half=top,shape=inner_left": [
	  {"model":"block/brick_stairs_inner","y":270,"uvlock":true,"x":180},
	  {"model":"block/variated/brick_stairs_inner/brick_stairs_inner_01","y":270,"uvlock":true,"x":180},
	  {"model":"block/variated/brick_stairs_inner/brick_stairs_inner_02","y":270,"uvlock":true,"x":180},
	  {"model":"block/variated/brick_stairs_inner/brick_stairs_inner_03","y":270,"uvlock":true,"x":180},
	  {"model":"block/variated/brick_stairs_inner/brick_stairs_inner_04","y":270,"uvlock":true,"x":180},
	  {"model":"block/variated/brick_stairs_inner/brick_stairs_inner_05","y":270,"uvlock":true,"x":180},
	  {"model":"block/variated/brick_stairs_inner/brick_stairs_inner_06","y":270,"uvlock":true,"x":180},
	  {"model":"block/variated/brick_stairs_inner/brick_stairs_inner_07","y":270,"uvlock":true,"x":180} ]
	}
}